,features-0-Conv2d,features-1-ReLU,features-2-Conv2d,features-3-ReLU,features-4-MaxPool2d,features-5-Conv2d,features-6-ReLU,features-7-Conv2d,features-8-ReLU,features-9-MaxPool2d,features-10-Conv2d,features-11-ReLU,features-12-Conv2d,features-13-ReLU,features-14-Conv2d,features-15-ReLU,features-16-MaxPool2d,features-17-Conv2d,features-18-ReLU,features-19-Conv2d,features-20-ReLU,features-21-Conv2d,features-22-ReLU,features-23-MaxPool2d,features-24-Conv2d,features-25-ReLU,features-26-Conv2d,features-27-ReLU,features-28-Conv2d,features-29-ReLU,features-30-MaxPool2d,avgpool,classifier-0-Linear,classifier-1-ReLU,classifier-2-Dropout,classifier-3-Linear,classifier-4-ReLU,classifier-5-Dropout,classifier-6-Linear
exe time per layer,0.009487485885620118,0.001600360870361328,0.02645413875579834,0.001896214485168457,0.006486201286315918,0.012768125534057618,0.0005997657775878906,0.022339224815368652,0.0006980419158935547,0.0033870220184326174,0.010769033432006836,9.980201721191407e-05,0.019856023788452148,0.0002989053726196289,0.020071935653686524,0.00020132064819335937,0.0016965389251708985,0.011217951774597168,0.0,0.021934247016906737,0.0,0.02283914089202881,0.00010018348693847656,0.0008974075317382812,0.00817885398864746,0.0,0.00868220329284668,9.675025939941407e-05,0.008083200454711914,0.0,0.0005016088485717774,0.0019931554794311523,0.053531765937805176,0.0,0.0001993417739868164,0.004887604713439941,0.0,9.946823120117187e-05,0.001388692855834961
size (b),0.0,0.0,0.0,0.0,0.0,0.0,0.0,0.0,0.0,0.0,0.0,0.0,0.0,0.0,0.0,0.0,0.0,0.0,0.0,0.0,0.0,0.0,0.0,0.0,0.0,0.0,0.0,0.0,0.0,0.0,0.0,0.0,0.0,0.0,0.0,0.0,0.0,0.0,0.0
